URL,
https://gidan.store/category/plants/indoor-plant-26/poinsettia-pink/,https://www.gidan.store/plants/indoor-plant/poinsettia-pink?variant=1304
https://gidan.store/category/plants/indoor-plant-26/xanadu/,https://www.gidan.store/plants/indoor-plant/xanadu?variant=1258
http://www.gidan.store/,https://www.gidan.store/
https://gidan.store/category/subcategory/indoor-plant/,https://www.gidan.store/plants/indoor-plant/
http://gidan.store/,https://gidan.store/
https://gidan.store/category/undefined,410
https://gidan.store/category/subcategory/flower-seeds/,https://www.gidan.store/seeds/flower-seeds/
https://gidan.store/productdata/1331,https://www.gidan.store/plant-care/growing-media/gidan-vermicompost?variant=1331
https://gidan.store/productdata/1280,https://www.gidan.store/plants/indoor-plant/dwarf-tree-fern?variant=1280
https://gidan.store/productdata/1239,https://www.gidan.store/plants/outdoor-plant/yesterday-today-tomorrow?variant=1239
https://gidan.store/productdata/863,https://www.gidan.store/pots/rotomolded-pots/havana-planter?variant=863
https://gidan.store/productdata/1138,https://www.gidan.store/plant-care/growing-media/gidan-potting-soil-mix?variant=1138
https://gidan.store/productdata/1035,https://www.gidan.store/pots/table-top-pots/siena-eco-planter-set-of-5?variant=1035
https://gidan.store/productdata/816,https://www.gidan.store/pots/rotomolded-pots/rosa-short-planter?variant=816
https://gidan.store/profile/trackorder,
https://gidan.store/productdata/1294,https://www.gidan.store/plants/flowering-plants/gerbera-daisy-peach?variant=1294
https://gidan.store/productdata/1236,https://www.gidan.store/plants/indoor-plant/jade-plant?variant=1236
https://gidan.store/productdata/1290,https://www.gidan.store/plants/flowering-plants/dianthus-pink?variant=1290
https://gidan.store/productdata/1301,https://www.gidan.store/plants/flowering-plants/impatiens-pink?variant=1301
https://gidan.store/productdata/1311,https://www.gidan.store/plants/indoor-plant/syngonium?variant=1311
https://gidan.store/category/seeds/,https://www.gidan.store/seeds/
https://gidan.store/category/plant-care/,https://www.gidan.store/plant-care/
https://gidan.store/category/plants/,https://www.gidan.store/plants/
https://gidan.store/gifts/,https://www.gidan.store/gifts/
https://gidan.store/about-us,https://www.gidan.store/about-us/
https://gidan.store/careers,https://www.gidan.store/careers/
https://gidan.store/contact-us,https://www.gidan.store/contact-us/
https://gidan.store/franchise-enquiry,https://www.gidan.store/franchise-enquiry/
https://gidan.store/plant-care/,https://www.gidan.store/plant-care/
https://gidan.store/plant-care/garden-essenials-37/,https://www.gidan.store/plant-care/garden-essenials/
https://gidan.store/plant-care/garden-essenials-37/drizzle-watering-can-cream-351/,https://www.gidan.store/plant-care/garden-essenials/drizzle-watering-can-cream?variant=1123
https://gidan.store/plant-care/garden-essenials-37/drizzle-watering-can-mocca-352/,https://www.gidan.store/plant-care/garden-essenials/drizzle-watering-can-mocca?variant=1124
https://gidan.store/plant-care/garden-essenials-37/ripple-watering-can-red-350/,https://www.gidan.store/plant-care/garden-essenials/ripple-watering-can-red?variant=1122
https://gidan.store/plant-care/garden-essenials-37/ripples-watering-can-349/,https://www.gidan.store/plant-care/garden-essenials/ripples-watering-can?variant=1121
https://gidan.store/plant-care/growing-media-36/,https://www.gidan.store/plant-care/growing-media/
https://gidan.store/plant-care/growing-media-36/gidan-potting-soil-mix-364/,https://www.gidan.store/plant-care/growing-media/gidan-potting-soil-mix?variant=1138
https://gidan.store/plant-care/growing-media-36/gidan-vermicompost-544/,https://www.gidan.store/plant-care/growing-media/gidan-vermicompost?variant=1331
https://gidan.store/plants/,https://www.gidan.store/plants/
https://gidan.store/plants/flowering-plants-40/,https://www.gidan.store/plants/flowering-plants/
https://gidan.store/plants/flowering-plants-40/african-violet-540/,https://www.gidan.store/plants/flowering-plants/african-violet-pink?variant=1313
https://gidan.store/plants/flowering-plants-40/african-violet-pink-527/,https://www.gidan.store/plants/flowering-plants/african-violet-pink?variant=1313
https://gidan.store/plants/flowering-plants-40/amazon-blue-486/,410
https://gidan.store/plants/flowering-plants-40/browallia-speciosa-500/,410
https://gidan.store/plants/flowering-plants-40/button-rose-dark-pink-487/,https://www.gidan.store/plants/flowering-plants/button-rose-dark-pink?variant=1274
https://gidan.store/plants/flowering-plants-40/button-rose-pink-501/,https://www.gidan.store/plants/flowering-plants/button-rose-pink?variant=1287
https://gidan.store/plants/flowering-plants-40/button-rose-red-488/,https://www.gidan.store/plants/flowering-plants/button-rose-red?variant=1275
https://gidan.store/plants/flowering-plants-40/dianthus-pink-504/,https://www.gidan.store/plants/flowering-plants/dianthus-pink?variant=1290
https://gidan.store/plants/flowering-plants-40/dianthus-pink-dual-505/,https://www.gidan.store/plants/flowering-plants/dianthus-pink-dual?variant=1291
https://gidan.store/plants/flowering-plants-40/gardenia-485/,https://www.gidan.store/plants/flowering-plants/gardenia?variant=1272
https://gidan.store/plants/flowering-plants-40/gazania-506/,https://www.gidan.store/plants/flowering-plants/gazania?variant=1292
https://gidan.store/plants/flowering-plants-40/geranium-pink-469/,https://www.gidan.store/plants/flowering-plants/geranium-pink?variant=1255
https://gidan.store/plants/flowering-plants-40/geranium-red-468/,https://www.gidan.store/plants/flowering-plants/geranium-red?variant=1254
https://gidan.store/plants/flowering-plants-40/gerbera-daisy-507/,https://www.gidan.store/plants/flowering-plants/gerbera-daisy?variant=1293
https://gidan.store/plants/flowering-plants-40/gerbera-daisy-peach-508/,https://www.gidan.store/plants/flowering-plants/gerbera-daisy-peach?variant=1294
https://gidan.store/plants/flowering-plants-40/globe-amaranth-531/,https://www.gidan.store/plants/flowering-plants/globe-amaranth?variant=1317
https://gidan.store/plants/flowering-plants-40/hibiscus-dual-511/,https://www.gidan.store/plants/flowering-plants/hibiscus-dual?variant=1297
https://gidan.store/plants/flowering-plants-40/hibiscus-red-470/,https://www.gidan.store/plants/flowering-plants/hibiscus-red?variant=1256
https://gidan.store/plants/flowering-plants-40/hibiscus-white-472/,https://www.gidan.store/plants/flowering-plants/hibiscus-white?variant=1257
https://gidan.store/plants/flowering-plants-40/impatiens-pink-515/,https://www.gidan.store/plants/flowering-plants/impatiens-pink?variant=1301
https://gidan.store/plants/flowering-plants-40/ixora-orange-484/,https://www.gidan.store/plants/flowering-plants/ixora-orange?variant=1271
https://gidan.store/plants/flowering-plants-40/kalanchoe-peach-512/,https://www.gidan.store/plants/flowering-plants/kalanchoe-peach?variant=1298
https://gidan.store/plants/flowering-plants-40/kalanchoe-pink-513/,https://www.gidan.store/plants/flowering-plants/kalanchoe-pink?variant=1299
https://gidan.store/plants/flowering-plants-40/mexican-heather-503/,https://www.gidan.store/plants/flowering-plants/mexican-heather?variant=1289
https://gidan.store/plants/flowering-plants-40/nerium-pink-539/,410
https://gidan.store/plants/flowering-plants-40/pentas-red-494/,https://www.gidan.store/plants/flowering-plants/pentas-red?variant=1281
https://gidan.store/plants/flowering-plants-40/periwinkle-pink-514/,https://www.gidan.store/plants/flowering-plants/periwinkle-pink?variant=1300
https://gidan.store/plants/flowering-plants-40/rain-lily-pink-478/,https://www.gidan.store/plants/flowering-plants/rain-lily-pink?variant=1263
https://gidan.store/plants/flowering-plants-40/rangoon-creeper-543/,410
https://gidan.store/plants/flowering-plants-40/shooting-star-521/,https://www.gidan.store/plants/flowering-plants/shooting-star?variant=1307
https://gidan.store/plants/flowering-plants-40/texas-sage-496/,https://www.gidan.store/plants/flowering-plants/texas-sage?variant=1283
https://gidan.store/plants/flowering-plants-40/wax-begonia-pink-538/,https://www.gidan.store/plants/indoor-plant/wax-begonia-red?variant=1308
https://gidan.store/plants/flowering-plants-40/yellow-alder-479/,410
https://gidan.store/plants/flowering-plants-40/yellow-mandivillea-537/,410
https://gidan.store/plants/indoor-plant-26/,https://www.gidan.store/plants/indoor-plant/
https://gidan.store/plants/indoor-plant-26/aglaonema-pink-498/,https://www.gidan.store/plants/indoor-plant/aglaonema-pink?variant=1285
https://gidan.store/plants/indoor-plant-26/aglaonema-snow-white-481/,https://www.gidan.store/plants/indoor-plant/aglaonema-snow-white?variant=1266
https://gidan.store/plants/indoor-plant-26/anthurium-red-445/,https://www.gidan.store/plants/indoor-plant/anthurium-red/?variant=445
https://gidan.store/plants/indoor-plant-26/aucuba-japonica-524/,410
https://gidan.store/plants/indoor-plant-26/baby-doll-536/,410
https://gidan.store/plants/indoor-plant-26/birds-nest-fern-454/,https://www.gidan.store/plants/indoor-plant/birds-nest-fern?variant=1241
https://gidan.store/plants/indoor-plant-26/boston-fern-455/,https://www.gidan.store/plants/indoor-plant/boston-fern?variant=1242
https://gidan.store/plants/indoor-plant-26/calathea-triostar-528/,410
https://gidan.store/plants/indoor-plant-26/ceylon-beauty-489/,https://www.gidan.store/plants/indoor-plant/ceylon-beauty?variant=1276
https://gidan.store/plants/indoor-plant-26/cobra-fern-490/,https://www.gidan.store/plants/indoor-plant/cobra-fern?variant=1277
https://gidan.store/plants/indoor-plant-26/creeping-charlie-532/,410
https://gidan.store/plants/indoor-plant-26/creeping-jenny-533/,410
https://gidan.store/plants/indoor-plant-26/croton-502/,https://www.gidan.store/plants/indoor-plant/croton?variant=1288
https://gidan.store/plants/indoor-plant-26/dracaena-compacta-541/,410
https://gidan.store/plants/indoor-plant-26/dracaena-fragrans-535/,410
https://gidan.store/plants/indoor-plant-26/dracaena-limelight-491/,https://www.gidan.store/plants/indoor-plant/dracaena-limelight?variant=1278
https://gidan.store/plants/indoor-plant-26/dumb-cane-456/,https://www.gidan.store/plants/indoor-plant/dumb-cane?variant=1243
https://gidan.store/plants/indoor-plant-26/dwarf-areca-palm-492/,https://www.gidan.store/plants/indoor-plant/dwarf-areca-palm?variant=1279
https://gidan.store/plants/indoor-plant-26/dwarf-tree-fern-493/,https://www.gidan.store/plants/indoor-plant/dwarf-tree-fern?variant=1280
https://gidan.store/plants/indoor-plant-26/golden-dwarf-snake-plant-529/,https://www.gidan.store/plants/indoor-plant/golden-dwarf-snake-plant?variant=1315
https://gidan.store/plants/indoor-plant-26/golden-pothos-509/,https://www.gidan.store/plants/indoor-plant/golden-pothos?variant=1295
https://gidan.store/plants/indoor-plant-26/jade-plant-449/,https://www.gidan.store/plants/indoor-plant/jade-plant?variant=1236
https://gidan.store/plants/indoor-plant-26/orchid-white-446/,https://www.gidan.store/plants/indoor-plant/orchid-white?variant=1233
https://gidan.store/plants/indoor-plant-26/peace-lily-447/,https://www.gidan.store/plants/indoor-plant/peace-lily?variant=1234
https://gidan.store/plants/indoor-plant-26/peperomia-516/,https://www.gidan.store/plants/indoor-plant/peperomia?variant=1302
https://gidan.store/plants/indoor-plant-26/peperomia-obtusifolia-465/,https://www.gidan.store/plants/indoor-plant/peperomia-obtusifolia?variant=1251
https://gidan.store/plants/indoor-plant-26/philodendron-red-474/,https://www.gidan.store/plants/indoor-plant/philodendron-red?variant=1259
https://gidan.store/plants/indoor-plant-26/pink-syngonium-526/,https://www.gidan.store/plants/indoor-plant/pink-syngonium?variant=1312
https://gidan.store/plants/indoor-plant-26/poinsettia-pink-518/,https://www.gidan.store/plants/indoor-plant/poinsettia-pink?variant=1304
https://gidan.store/plants/indoor-plant-26/poinsettia-red-519/,https://www.gidan.store/plants/indoor-plant/poinsettia-red?variant=1305
https://gidan.store/plants/indoor-plant-26/poinsettia-white-520/,https://www.gidan.store/plants/indoor-plant/poinsettia-white?variant=1306
https://gidan.store/plants/indoor-plant-26/purple-shamrock-497/,https://www.gidan.store/plants/indoor-plant/purple-shamrock?variant=1284
https://gidan.store/plants/indoor-plant-26/rex-begonia-495/,https://www.gidan.store/plants/indoor-plant/rex-begonia?variant=1282
https://gidan.store/plants/indoor-plant-26/rubber-plant-523/,https://www.gidan.store/plants/indoor-plant/rubber-plant?variant=1309
https://gidan.store/plants/indoor-plant-26/snake-plant-477/,https://www.gidan.store/plants/indoor-plant/snake-plant?variant=1262
https://gidan.store/plants/indoor-plant-26/syngonium-525/,https://www.gidan.store/plants/indoor-plant/syngonium?variant=1311
https://gidan.store/plants/indoor-plant-26/syngonium-green-476/,https://www.gidan.store/plants/indoor-plant/syngonium-green?variant=1261
https://gidan.store/plants/indoor-plant-26/umbrella-tree-schefflera-467/,https://www.gidan.store/plants/indoor-plant/umbrella-tree-schefflera?variant=1253
https://gidan.store/plants/indoor-plant-26/watermelon-peperomia-517/,https://www.gidan.store/plants/indoor-plant/watermelon-peperomia?variant=1303
https://gidan.store/plants/indoor-plant-26/wax-begonia-480/,https://www.gidan.store/plants/indoor-plant/rex-begonia?variant=1282
https://gidan.store/plants/indoor-plant-26/wax-begonia-red-522/,https://www.gidan.store/plants/indoor-plant/wax-begonia-red?variant=1308
https://gidan.store/plants/indoor-plant-26/xanadu-473/,https://www.gidan.store/plants/indoor-plant/xanadu?variant=1258
https://gidan.store/plants/indoor-plant-26/zz-plant-475/,https://www.gidan.store/plants/indoor-plant/zz-plant?variant=1260
https://gidan.store/plants/outdoor-plant-27/,https://www.gidan.store/plants/outdoor-plant/
https://gidan.store/plants/outdoor-plant-27/bougainvillea-orange-461/,https://www.gidan.store/plants/outdoor-plant/bougainvillea-orange?variant=1247
https://gidan.store/plants/outdoor-plant-27/bougainvillea-peach-462/,https://www.gidan.store/plants/outdoor-plant/bougainvillea-peach?variant=1248
https://gidan.store/plants/outdoor-plant-27/bougainvillea-white-460/,https://www.gidan.store/plants/outdoor-plant/bougainvillea-white?variant=1246
https://gidan.store/plants/outdoor-plant-27/bush-daisy-450/,https://www.gidan.store/plants/outdoor-plant/bush-daisy?variant=1237
https://gidan.store/plants/outdoor-plant-27/christmas-tree-457/,https://www.gidan.store/plants/outdoor-plant/christmas-tree?variant=1244
https://gidan.store/plants/outdoor-plant-27/clitoria-463/,https://www.gidan.store/plants/outdoor-plant/clitoria?variant=1249
https://gidan.store/plants/outdoor-plant-27/hibiscus-pink-458/,https://www.gidan.store/plants/outdoor-plant/hibiscus-pink?variant=1245
https://gidan.store/plants/outdoor-plant-27/japanese-jasmine-464/,https://www.gidan.store/plants/outdoor-plant/japanese-jasmine?variant=1250
https://gidan.store/plants/outdoor-plant-27/outdoor-fern-453/,https://www.gidan.store/plants/outdoor-plant/outdoor-fern?variant=1240
https://gidan.store/plants/outdoor-plant-27/rose-plant-red-451/,https://www.gidan.store/plants/outdoor-plant/rose-plant-red?variant=1238
https://gidan.store/plants/outdoor-plant-27/tropical-milkweed-466/,410
https://gidan.store/plants/outdoor-plant-27/yesterday-today-tomorrow-452/,https://www.gidan.store/plants/outdoor-plant/yesterday-today-tomorrow?variant=1239
https://gidan.store/pots/,https://gidan.store/pots/
https://gidan.store/pots/eco-planters-39/,https://www.gidan.store/pots/eco-planters/
https://gidan.store/pots/eco-planters-39/verona-eco-planter-545/,https://www.gidan.store/pots/eco-planters/verona-eco-planter?variant=1333
https://gidan.store/pots/eco-planters-39/verona-wheels-planter-288/,https://www.gidan.store/pots/eco-planters/verona-wheels-planter?variant=850
https://gidan.store/pots/hanging-pots-30/,https://www.gidan.store/pots/hanging-pots
https://gidan.store/pots/hanging-pots-30/bello-hook-pot-set-of-5pcs-302/,https://www.gidan.store/pots/hanging-pots/bello-hook-pot-set-of-5pcs?variant=935
https://gidan.store/pots/hanging-pots-30/capri-hanging-pot-set-5pcs-298/,https://www.gidan.store/pots/hanging-pots/capri-hanging-pot-set-5pcs?variant=916
https://gidan.store/pots/hanging-pots-30/victoria-hanging-basket-set-5pcs-299/,https://www.gidan.store/pots/hanging-pots/victoria-hanging-basket-set-5pcs?variant=921
https://gidan.store/pots/plastic-pots-29/,https://www.gidan.store/pots/plastic-pots
https://gidan.store/pots/plastic-pots-29/evergreen-pot-366/,https://www.gidan.store/pots/plastic-pots/evergreen-pot?variant=1143
https://gidan.store/pots/plastic-pots-29/harshdeep-valencia-eco-pot-set-of-2-319/,https://www.gidan.store/pots/plastic-pots/harshdeep-valencia-eco-pot-set-of-2?variant=1013
https://gidan.store/pots/plastic-pots-29/nursery-pot-365/,https://www.gidan.store/pots/plastic-pots/nursery-pot?variant=1139
https://gidan.store/pots/plastic-pots-29/valencia-wheels-planter-345/,https://www.gidan.store/pots/plastic-pots/valencia-wheels-planter?variant=1094
https://gidan.store/pots/plastic-pots-29/window-planter-331/,https://www.gidan.store/pots/plastic-pots/window-planter?variant=1080
https://gidan.store/pots/rotomolded-pots-28/,https://www.gidan.store/pots/rotomolded-pots
https://gidan.store/pots/rotomolded-pots-28/albero-planter-328/,https://www.gidan.store/pots/rotomolded-pots/albero-planter?variant=1060
https://gidan.store/pots/rotomolded-pots-28/barca-round-planter-292/,https://www.gidan.store/pots/rotomolded-pots/barca-round-planter?variant=876
https://gidan.store/pots/rotomolded-pots-28/eva-planter-277/,https://www.gidan.store/pots/rotomolded-pots/eva-planter?variant=774
https://gidan.store/pots/rotomolded-pots-28/gema-planter-278/,https://www.gidan.store/pots/rotomolded-pots/gema-planter?variant=786
https://gidan.store/pots/rotomolded-pots-28/havana-planter-290/,https://www.gidan.store/pots/rotomolded-pots/havana-planter?variant=863
https://gidan.store/pots/rotomolded-pots-28/lara-short-planter-279/,https://www.gidan.store/pots/rotomolded-pots/lara-short-planter?variant=798
https://gidan.store/pots/rotomolded-pots-28/lara-square-planter-281/,https://www.gidan.store/pots/rotomolded-pots/lara-square-planter?variant=804
https://gidan.store/pots/rotomolded-pots-28/lara-tall-planter-285/,https://www.gidan.store/pots/rotomolded-pots/lara-tall-planter?variant=837
https://gidan.store/pots/rotomolded-pots-28/milano-planter-297/,https://www.gidan.store/pots/rotomolded-pots/milano-planter?variant=912
https://gidan.store/pots/rotomolded-pots-28/milano-wheels-planter-300/,https://www.gidan.store/pots/rotomolded-pots/milano-wheels-planter?variant=925
https://gidan.store/pots/rotomolded-pots-28/quebec-planter-291/,https://www.gidan.store/pots/rotomolded-pots/quebec-planter?variant=872
https://gidan.store/pots/rotomolded-pots-28/quebec-rectangle-planter-296/,https://www.gidan.store/pots/rotomolded-pots/quebec-rectangle-planter?variant=910
https://gidan.store/pots/rotomolded-pots-28/rosa-short-planter-282/,https://www.gidan.store/pots/rotomolded-pots/rosa-short-planter?variant=816
https://gidan.store/pots/rotomolded-pots-28/rosa-tall-planter-283/,https://www.gidan.store/pots/rotomolded-pots/rosa-tall-planter?variant=819
https://gidan.store/pots/rotomolded-pots-28/stella-planter-284/,https://www.gidan.store/pots/rotomolded-pots/stella-planter?variant=828
https://gidan.store/pots/rotomolded-pots-28/tokyo-bowl-planter-301/,https://www.gidan.store/pots/rotomolded-pots/tokyo-bowl-planter?variant=933
https://gidan.store/pots/rotomolded-pots-28/tokyo-high-planter-293/,https://www.gidan.store/pots/rotomolded-pots/tokyo-high-planter?variant=888
https://gidan.store/pots/rotomolded-pots-28/tokyo-short-planter-294/,https://www.gidan.store/pots/rotomolded-pots/tokyo-short-planter?variant=900
https://gidan.store/pots/table-top-pots-35/,https://www.gidan.store/pots/table-top-pots
https://gidan.store/pots/table-top-pots-35/atlantis-big-set-of-2-322/,https://www.gidan.store/pots/table-top-pots/atlantis-big-set-of-2?variant=1031
https://gidan.store/pots/table-top-pots-35/atlantis-small-set-of-5-321/,https://www.gidan.store/pots/table-top-pots/atlantis-small-set-of-5?variant=1027
https://gidan.store/pots/table-top-pots-35/bello-round-set-of-2-307/,https://www.gidan.store/pots/table-top-pots/bello-round-set-of-2?variant=946
https://gidan.store/pots/table-top-pots-35/bello-square-planter-329/,https://www.gidan.store/pots/table-top-pots/bello-square-planter?variant=1069
https://gidan.store/pots/table-top-pots-35/ibiza-eco-pot-set-of-5-320/,https://www.gidan.store/pots/table-top-pots/ibiza-eco-pot-set-of-5?variant=1023
https://gidan.store/pots/table-top-pots-35/lagos-pot-set-of-5-325/,https://www.gidan.store/pots/table-top-pots/lagos-pot-set-of-5?variant=1053
https://gidan.store/pots/table-top-pots-35/siena-eco-planter-set-of-5-323/,https://www.gidan.store/pots/table-top-pots/siena-eco-planter-set-of-5?variant=1035
https://gidan.store/pots/table-top-pots-35/siena-eco-set-of-2-324/,https://www.gidan.store/pots/table-top-pots/siena-eco-set-of-2?variant=1045
https://gidan.store/pots/table-top-pots-35/valencia-eco-planter-set-of-5-318/,https://www.gidan.store/pots/table-top-pots/valencia-eco-planter-set-of-5?variant=1003
https://gidan.store/pots/table-top-pots-35/verona-diamond-planter-330/,https://www.gidan.store/pots/table-top-pots/verona-diamond-planter?variant=1077
https://gidan.store/pots/table-top-pots-35/verona-eco-planter-set-of-5-315/,https://www.gidan.store/pots/table-top-pots/verona-eco-planter-set-of-5?variant=971
https://gidan.store/privacy-policy,https://gidan.store/privacy-policy
https://gidan.store/return,https://www.gidan.store/return/
https://gidan.store/seeds/,https://gidan.store/seeds/
https://gidan.store/seeds/flower-seeds-32/,410
https://gidan.store/seeds/vegetable-seeds-31/,https://www.gidan.store/seeds/vegetable-seeds/
https://gidan.store/seeds/vegetable-seeds-31/capsicum-seeds-368/,https://www.gidan.store/seeds/vegetable-seeds/capsicum-seeds?variant=1154
https://gidan.store/seeds/vegetable-seeds-31/chilli-seeds-369/,https://www.gidan.store/seeds/vegetable-seeds/chilli-seeds?variant=1155
https://gidan.store/seeds/vegetable-seeds-31/okra-seeds-370/,https://www.gidan.store/seeds/vegetable-seeds/okra-seeds?variant=1156
https://gidan.store/productdata/1311/,https://www.gidan.store/plants/indoor-plant/syngonium?variant=1311
https://gidan.store/offers/,https://www.gidan.store/offer/
,